DROP TABLE IF EXISTS t1;
CREATE TABLE t1 (c1 INT, c2 INT, INDEX(c1));
INSERT INTO t1 VALUES (0, 0), (1, 1), (2, 2), (3, 3), (4, 4), (5, 5), (NULL, NULL);
EXPLAIN SELECT * FROM t1 WHERE c1 = 2 ;
id	select_type	table	type	possible_keys	key	key_len	ref	rows	Extra
1	SIMPLE	t1	ref	c1	c1	5	const	7	Using where
EXPLAIN SELECT * FROM t1 WHERE c1 < 2 ;
id	select_type	table	type	possible_keys	key	key_len	ref	rows	Extra
1	SIMPLE	t1	range	c1	c1	5	NULL	7	Using where
EXPLAIN SELECT * FROM t1 WHERE c1 > 2 ;
id	select_type	table	type	possible_keys	key	key_len	ref	rows	Extra
1	SIMPLE	t1	range	c1	c1	5	NULL	7	Using where
EXPLAIN SELECT * FROM t1 WHERE c1 <= 2 ;
id	select_type	table	type	possible_keys	key	key_len	ref	rows	Extra
1	SIMPLE	t1	range	c1	c1	5	NULL	7	Using where
EXPLAIN SELECT * FROM t1 WHERE c1 >= 2 ;
id	select_type	table	type	possible_keys	key	key_len	ref	rows	Extra
1	SIMPLE	t1	range	c1	c1	5	NULL	7	Using where
EXPLAIN SELECT * FROM t1 WHERE c1 <=> 2 ;
id	select_type	table	type	possible_keys	key	key_len	ref	rows	Extra
1	SIMPLE	t1	ref	c1	c1	5	const	7	Using where
EXPLAIN SELECT * FROM t1 WHERE c1 != 2 ;
id	select_type	table	type	possible_keys	key	key_len	ref	rows	Extra
1	SIMPLE	t1	range	c1	c1	5	NULL	14	Using where
EXPLAIN SELECT * FROM t1 WHERE c1 <> 2 ;
id	select_type	table	type	possible_keys	key	key_len	ref	rows	Extra
1	SIMPLE	t1	range	c1	c1	5	NULL	14	Using where
EXPLAIN SELECT * FROM t1 WHERE c1 IS NULL ;
id	select_type	table	type	possible_keys	key	key_len	ref	rows	Extra
1	SIMPLE	t1	ref	c1	c1	5	const	7	Using where
EXPLAIN SELECT * FROM t1 WHERE c1 IS NOT NULL ;
id	select_type	table	type	possible_keys	key	key_len	ref	rows	Extra
1	SIMPLE	t1	range	c1	c1	5	NULL	7	Using where
EXPLAIN SELECT * FROM t1 WHERE c1 = 2 LIMIT 10;
id	select_type	table	type	possible_keys	key	key_len	ref	rows	Extra
1	SIMPLE	t1	ref	c1	c1	5	const	7	Using where
EXPLAIN SELECT * FROM t1 WHERE c1 < 2 LIMIT 10;
id	select_type	table	type	possible_keys	key	key_len	ref	rows	Extra
1	SIMPLE	t1	range	c1	c1	5	NULL	7	Using where
EXPLAIN SELECT * FROM t1 WHERE c1 > 2 LIMIT 10;
id	select_type	table	type	possible_keys	key	key_len	ref	rows	Extra
1	SIMPLE	t1	range	c1	c1	5	NULL	7	Using where
EXPLAIN SELECT * FROM t1 WHERE c1 <= 2 LIMIT 10;
id	select_type	table	type	possible_keys	key	key_len	ref	rows	Extra
1	SIMPLE	t1	range	c1	c1	5	NULL	7	Using where
EXPLAIN SELECT * FROM t1 WHERE c1 >= 2 LIMIT 10;
id	select_type	table	type	possible_keys	key	key_len	ref	rows	Extra
1	SIMPLE	t1	range	c1	c1	5	NULL	7	Using where
EXPLAIN SELECT * FROM t1 WHERE c1 <=> 2 LIMIT 10;
id	select_type	table	type	possible_keys	key	key_len	ref	rows	Extra
1	SIMPLE	t1	ref	c1	c1	5	const	7	Using where
EXPLAIN SELECT * FROM t1 WHERE c1 != 2 LIMIT 10;
id	select_type	table	type	possible_keys	key	key_len	ref	rows	Extra
1	SIMPLE	t1	range	c1	c1	5	NULL	14	Using where
EXPLAIN SELECT * FROM t1 WHERE c1 <> 2 LIMIT 10;
id	select_type	table	type	possible_keys	key	key_len	ref	rows	Extra
1	SIMPLE	t1	range	c1	c1	5	NULL	14	Using where
EXPLAIN SELECT * FROM t1 WHERE c1 IS NULL LIMIT 10;
id	select_type	table	type	possible_keys	key	key_len	ref	rows	Extra
1	SIMPLE	t1	ref	c1	c1	5	const	7	Using where
EXPLAIN SELECT * FROM t1 WHERE c1 IS NOT NULL LIMIT 10;
id	select_type	table	type	possible_keys	key	key_len	ref	rows	Extra
1	SIMPLE	t1	range	c1	c1	5	NULL	7	Using where
EXPLAIN SELECT * FROM t1 WHERE c1 = 2 ORDER BY c1 ASC;
id	select_type	table	type	possible_keys	key	key_len	ref	rows	Extra
1	SIMPLE	t1	ref	c1	c1	5	const	7	Using where
EXPLAIN SELECT * FROM t1 WHERE c1 < 2 ORDER BY c1 ASC;
id	select_type	table	type	possible_keys	key	key_len	ref	rows	Extra
1	SIMPLE	t1	range	c1	c1	5	NULL	7	Using where
EXPLAIN SELECT * FROM t1 WHERE c1 > 2 ORDER BY c1 ASC;
id	select_type	table	type	possible_keys	key	key_len	ref	rows	Extra
1	SIMPLE	t1	range	c1	c1	5	NULL	7	Using where
EXPLAIN SELECT * FROM t1 WHERE c1 <= 2 ORDER BY c1 ASC;
id	select_type	table	type	possible_keys	key	key_len	ref	rows	Extra
1	SIMPLE	t1	range	c1	c1	5	NULL	7	Using where
EXPLAIN SELECT * FROM t1 WHERE c1 >= 2 ORDER BY c1 ASC;
id	select_type	table	type	possible_keys	key	key_len	ref	rows	Extra
1	SIMPLE	t1	range	c1	c1	5	NULL	7	Using where
EXPLAIN SELECT * FROM t1 WHERE c1 <=> 2 ORDER BY c1 ASC;
id	select_type	table	type	possible_keys	key	key_len	ref	rows	Extra
1	SIMPLE	t1	ref	c1	c1	5	const	7	Using where
EXPLAIN SELECT * FROM t1 WHERE c1 != 2 ORDER BY c1 ASC;
id	select_type	table	type	possible_keys	key	key_len	ref	rows	Extra
1	SIMPLE	t1	range	c1	c1	5	NULL	14	Using where
EXPLAIN SELECT * FROM t1 WHERE c1 <> 2 ORDER BY c1 ASC;
id	select_type	table	type	possible_keys	key	key_len	ref	rows	Extra
1	SIMPLE	t1	range	c1	c1	5	NULL	14	Using where
EXPLAIN SELECT * FROM t1 WHERE c1 IS NULL ORDER BY c1 ASC;
id	select_type	table	type	possible_keys	key	key_len	ref	rows	Extra
1	SIMPLE	t1	ref	c1	c1	5	const	7	Using where; Using filesort
EXPLAIN SELECT * FROM t1 WHERE c1 IS NOT NULL ORDER BY c1 ASC;
id	select_type	table	type	possible_keys	key	key_len	ref	rows	Extra
1	SIMPLE	t1	range	c1	c1	5	NULL	7	Using where
EXPLAIN SELECT * FROM t1 WHERE c1 = 2 ORDER BY c1 DESC;
id	select_type	table	type	possible_keys	key	key_len	ref	rows	Extra
1	SIMPLE	t1	ref	c1	c1	5	const	7	Using where
EXPLAIN SELECT * FROM t1 WHERE c1 < 2 ORDER BY c1 DESC;
id	select_type	table	type	possible_keys	key	key_len	ref	rows	Extra
1	SIMPLE	t1	range	c1	c1	5	NULL	7	Using where
EXPLAIN SELECT * FROM t1 WHERE c1 > 2 ORDER BY c1 DESC;
id	select_type	table	type	possible_keys	key	key_len	ref	rows	Extra
1	SIMPLE	t1	range	c1	c1	5	NULL	7	Using where
EXPLAIN SELECT * FROM t1 WHERE c1 <= 2 ORDER BY c1 DESC;
id	select_type	table	type	possible_keys	key	key_len	ref	rows	Extra
1	SIMPLE	t1	range	c1	c1	5	NULL	7	Using where
EXPLAIN SELECT * FROM t1 WHERE c1 >= 2 ORDER BY c1 DESC;
id	select_type	table	type	possible_keys	key	key_len	ref	rows	Extra
1	SIMPLE	t1	range	c1	c1	5	NULL	7	Using where
EXPLAIN SELECT * FROM t1 WHERE c1 <=> 2 ORDER BY c1 DESC;
id	select_type	table	type	possible_keys	key	key_len	ref	rows	Extra
1	SIMPLE	t1	ref	c1	c1	5	const	7	Using where
EXPLAIN SELECT * FROM t1 WHERE c1 != 2 ORDER BY c1 DESC;
id	select_type	table	type	possible_keys	key	key_len	ref	rows	Extra
1	SIMPLE	t1	range	c1	c1	5	NULL	14	Using where
EXPLAIN SELECT * FROM t1 WHERE c1 <> 2 ORDER BY c1 DESC;
id	select_type	table	type	possible_keys	key	key_len	ref	rows	Extra
1	SIMPLE	t1	range	c1	c1	5	NULL	14	Using where
EXPLAIN SELECT * FROM t1 WHERE c1 IS NULL ORDER BY c1 DESC;
id	select_type	table	type	possible_keys	key	key_len	ref	rows	Extra
1	SIMPLE	t1	ref	c1	c1	5	const	7	Using where; Using filesort
EXPLAIN SELECT * FROM t1 WHERE c1 IS NOT NULL ORDER BY c1 DESC;
id	select_type	table	type	possible_keys	key	key_len	ref	rows	Extra
1	SIMPLE	t1	range	c1	c1	5	NULL	7	Using where
EXPLAIN SELECT * FROM t1 WHERE c1 = 2 ORDER BY c1 ASC LIMIT 10;
id	select_type	table	type	possible_keys	key	key_len	ref	rows	Extra
1	SIMPLE	t1	ref	c1	c1	5	const	7	Using where
EXPLAIN SELECT * FROM t1 WHERE c1 < 2 ORDER BY c1 ASC LIMIT 10;
id	select_type	table	type	possible_keys	key	key_len	ref	rows	Extra
1	SIMPLE	t1	range	c1	c1	5	NULL	7	Using where
EXPLAIN SELECT * FROM t1 WHERE c1 > 2 ORDER BY c1 ASC LIMIT 10;
id	select_type	table	type	possible_keys	key	key_len	ref	rows	Extra
1	SIMPLE	t1	range	c1	c1	5	NULL	7	Using where
EXPLAIN SELECT * FROM t1 WHERE c1 <= 2 ORDER BY c1 ASC LIMIT 10;
id	select_type	table	type	possible_keys	key	key_len	ref	rows	Extra
1	SIMPLE	t1	range	c1	c1	5	NULL	7	Using where
EXPLAIN SELECT * FROM t1 WHERE c1 >= 2 ORDER BY c1 ASC LIMIT 10;
id	select_type	table	type	possible_keys	key	key_len	ref	rows	Extra
1	SIMPLE	t1	range	c1	c1	5	NULL	7	Using where
EXPLAIN SELECT * FROM t1 WHERE c1 <=> 2 ORDER BY c1 ASC LIMIT 10;
id	select_type	table	type	possible_keys	key	key_len	ref	rows	Extra
1	SIMPLE	t1	ref	c1	c1	5	const	7	Using where
EXPLAIN SELECT * FROM t1 WHERE c1 != 2 ORDER BY c1 ASC LIMIT 10;
id	select_type	table	type	possible_keys	key	key_len	ref	rows	Extra
1	SIMPLE	t1	range	c1	c1	5	NULL	14	Using where
EXPLAIN SELECT * FROM t1 WHERE c1 <> 2 ORDER BY c1 ASC LIMIT 10;
id	select_type	table	type	possible_keys	key	key_len	ref	rows	Extra
1	SIMPLE	t1	range	c1	c1	5	NULL	14	Using where
EXPLAIN SELECT * FROM t1 WHERE c1 IS NULL ORDER BY c1 ASC LIMIT 10;
id	select_type	table	type	possible_keys	key	key_len	ref	rows	Extra
1	SIMPLE	t1	ref	c1	c1	5	const	7	Using where; Using filesort
EXPLAIN SELECT * FROM t1 WHERE c1 IS NOT NULL ORDER BY c1 ASC LIMIT 10;
id	select_type	table	type	possible_keys	key	key_len	ref	rows	Extra
1	SIMPLE	t1	range	c1	c1	5	NULL	7	Using where
EXPLAIN SELECT * FROM t1 WHERE c1 = 2 ORDER BY c1 DESC LIMIT 10;
id	select_type	table	type	possible_keys	key	key_len	ref	rows	Extra
1	SIMPLE	t1	ref	c1	c1	5	const	7	Using where
EXPLAIN SELECT * FROM t1 WHERE c1 < 2 ORDER BY c1 DESC LIMIT 10;
id	select_type	table	type	possible_keys	key	key_len	ref	rows	Extra
1	SIMPLE	t1	range	c1	c1	5	NULL	7	Using where
EXPLAIN SELECT * FROM t1 WHERE c1 > 2 ORDER BY c1 DESC LIMIT 10;
id	select_type	table	type	possible_keys	key	key_len	ref	rows	Extra
1	SIMPLE	t1	range	c1	c1	5	NULL	7	Using where
EXPLAIN SELECT * FROM t1 WHERE c1 <= 2 ORDER BY c1 DESC LIMIT 10;
id	select_type	table	type	possible_keys	key	key_len	ref	rows	Extra
1	SIMPLE	t1	range	c1	c1	5	NULL	7	Using where
EXPLAIN SELECT * FROM t1 WHERE c1 >= 2 ORDER BY c1 DESC LIMIT 10;
id	select_type	table	type	possible_keys	key	key_len	ref	rows	Extra
1	SIMPLE	t1	range	c1	c1	5	NULL	7	Using where
EXPLAIN SELECT * FROM t1 WHERE c1 <=> 2 ORDER BY c1 DESC LIMIT 10;
id	select_type	table	type	possible_keys	key	key_len	ref	rows	Extra
1	SIMPLE	t1	ref	c1	c1	5	const	7	Using where
EXPLAIN SELECT * FROM t1 WHERE c1 != 2 ORDER BY c1 DESC LIMIT 10;
id	select_type	table	type	possible_keys	key	key_len	ref	rows	Extra
1	SIMPLE	t1	range	c1	c1	5	NULL	14	Using where
EXPLAIN SELECT * FROM t1 WHERE c1 <> 2 ORDER BY c1 DESC LIMIT 10;
id	select_type	table	type	possible_keys	key	key_len	ref	rows	Extra
1	SIMPLE	t1	range	c1	c1	5	NULL	14	Using where
EXPLAIN SELECT * FROM t1 WHERE c1 IS NULL ORDER BY c1 DESC LIMIT 10;
id	select_type	table	type	possible_keys	key	key_len	ref	rows	Extra
1	SIMPLE	t1	ref	c1	c1	5	const	7	Using where; Using filesort
EXPLAIN SELECT * FROM t1 WHERE c1 IS NOT NULL ORDER BY c1 DESC LIMIT 10;
id	select_type	table	type	possible_keys	key	key_len	ref	rows	Extra
1	SIMPLE	t1	range	c1	c1	5	NULL	7	Using where
DROP TABLE t1;
