DROP TABLE IF EXISTS t1, t2, t3;
CREATE TABLE t1 (c1 TINYINT NOT NULL PRIMARY KEY, c2 INTEGER, KEY(c2));
CREATE TABLE t2 (c1 TINYINT NOT NULL PRIMARY KEY, c2 INTEGER, KEY(c2));
CREATE TABLE t3 (c1 TINYINT NOT NULL PRIMARY KEY, c2 INTEGER, KEY(c2));
INSERT INTO t1 VALUES(1,1),(2,2),(3,3),(4,4),(5,5);
INSERT INTO t2 VALUES(11,1),(12,1),(13,1),(14,2),(15,6);
INSERT INTO t3 VALUES(21,11),(22,11),(23,13),(24,14),(25,15);
DELETE t1, t2 FROM t1, t2, t3 WHERE t1.c1=t2.c2 AND t2.c1=t3.c2;
SELECT * FROM t1 ORDER BY c1;
c1	c2
3	3
4	4
5	5
SELECT * FROM t2 ORDER BY c1;
c1	c2
12	1
15	6
SELECT * FROM t3 ORDER BY c1;
c1	c2
21	11
22	11
23	13
24	14
25	15
DROP TABLE t1, t2, t3;
CREATE TABLE t1 (c1 INT, c2 INT);
CREATE TABLE t2 (c1 INT, c2 INT);
INSERT INTO t1 VALUES(1,1),(2,2),(3,3);
INSERT INTO t2 VALUES(4,1),(5,2),(6,2);
DELETE t1, t2 FROM t1, t2 WHERE t1.c1=t2.c2;
SELECT * FROM t1 ORDER BY c1;
c1	c2
3	3
SELECT * FROM t2 ORDER BY c1;
c1	c2
DROP TABLE t1, t2;
CREATE TABLE t1 (c1 INT, c2 INT);
CREATE TABLE t2 (c1 INT, c2 INT);
INSERT INTO t1 VALUES(1,1), (2,2);
INSERT INTO t2 VALUES(3,1), (4,2);
DELETE t1 FROM t1, t2 WHERE t1.c1=t2.c2;
SELECT * FROM t1 ORDER BY c1;
c1	c2
SELECT * FROM t2 ORDER BY c1;
c1	c2
3	1
4	2
DROP TABLE t1, t2;
CREATE TABLE t1 (c1 TINYINT NOT NULL PRIMARY KEY, c2 INTEGER, KEY(c2));
CREATE TABLE t2 (c1 TINYINT NOT NULL PRIMARY KEY, c2 INTEGER, KEY(c2));
CREATE TABLE t3 (c1 TINYINT NOT NULL PRIMARY KEY, c2 INTEGER, KEY(c2));
INSERT INTO t1 VALUES(1,1),(2,2),(3,3),(4,4),(5,5);
INSERT INTO t2 VALUES(11,1),(12,1),(13,1),(14,2),(15,6);
INSERT INTO t3 VALUES(21,11),(22,11),(23,13),(24,14),(25,15);
UPDATE t1, t2, t3 SET t1.c1 = t1.c1 + 7, t1.c2 = t1.c2 + 11 WHERE t1.c1=t2.c2 AND t2.c1=t3.c2;
SELECT * FROM t1 ORDER BY c1;
c1	c2
3	3
4	4
5	5
8	12
9	13
DROP TABLE t1, t2, t3;
CREATE TABLE t1 (c1 INT, c2 INT);
CREATE TABLE t2 (c1 INT, c2 INT);
INSERT INTO t1 VALUES(1,1),(2,2),(3,3);
INSERT INTO t2 VALUES(4,1),(5,2),(6,2);
UPDATE t1, t2 SET t1.c1 = t1.c1 + 7, t1.c2 = t1.c2 + 11 WHERE t1.c1=t2.c2;
SELECT * FROM t1 ORDER BY c1;
c1	c2
3	3
8	12
9	13
DROP TABLE t1, t2;
CREATE TABLE t1 (c1 INT, c2 INT);
CREATE TABLE t2 (c1 INT, c2 INT);
INSERT INTO t1 VALUES(1,1), (2,2);
INSERT INTO t2 VALUES(3,1), (4,2);
UPDATE t1, t2 SET t1.c1 = t1.c1 + 7, t1.c2 = t1.c2 + 11 WHERE t1.c1=t2.c2;
SELECT * FROM t1 ORDER BY c1;
c1	c2
8	12
9	13
DROP TABLE t1, t2;
